index,titles,artists
0,路過人間 (電視劇《我們與惡的距離》插曲),Yisa Yu
1,別讓我走遠 (電視劇《我們與惡的距離》主題曲),Yoga Lin
2,誰,Yo Lee
3,直到我遇見了你 - Demo,Yo Lee
4,把音量轉小,Yo Lee
5,難過到這邊就好,Yo Lee
6,吃什麼,Yo Lee
7,走了嗎,張若凡
8,魚仔 - 電視劇<花甲男孩轉大人>主題曲,Crowd Lu
9,幾分之幾 - 電影<花甲大人轉男孩>主題曲,Crowd Lu
10,大人中,Crowd Lu
11,浪費,Yoga Lin
12,說謊,Yoga Lin
13,少女,Yoga Lin
14,天真有邪,Yoga Lin
15,成全 - Live,Yoga Lin
16,傻子,Yoga Lin
17,有一種悲傷 - 電影《比悲傷更悲傷的故事》主題曲,A-Lin
18,真的傻 (電影《一吻定情》追愛版主題曲),LaLa Hsu
19,言不由衷,LaLa Hsu
20,一愛難求 (電視劇《扶搖》片尾曲),LaLa Hsu
21,绿色,Shirley Chen
22,你的酒馆对我打了烊,Shirley Chen
23,你的酒馆对我打了烊,Shirley Chen
24,讓我為你唱情歌,Jam Hsiao
25,流沙,David Tao
26,偽裝,Yo Lee
27,14 (Feat. 屁孩Ryan & 柯政宏),盧子杰 James Lu
28,兜圈,Yoga Lin
29,小時候的我們,Eric Chou
30,怎麼了,Eric Chou
31,"你,好不好? - TVBS連續劇【遺憾拼圖】片尾曲",Eric Chou
32,如果雨之後,Eric Chou
33,以後別做朋友,Eric Chou
34,My Life Is Going On - Música Original De La Serie De TV La Casa De Papel / Money Heist,Cecilia Krull
35,全世界的朋友都讓我失望,Julia Wu
36,七十億分之一,Julia Wu
37,刻在我心底的名字 (Your Name Engraved Herein) - 電影<刻在你心底的名字>主題曲,Crowd Lu
38,愛情怎麼了嗎,Crowd Lu
39,我愛你,Crowd Lu
40,100種生活,Crowd Lu
41,慢靈魂,Crowd Lu
42,雨 (電視劇《以家人之名》插曲),沈以誠
43,風的來信 (影視劇《下一站是幸福》片頭曲),Jin Wenqi
44,Like a Breeze (電視劇《以家人之名》插曲),譚松韻
45,我會守在這裡 (電視劇《以家人之名》片尾主題曲),Mao Buyi
46,街角的祝福,Waa Wei
47,不是因為天氣晴朗才愛你,理想混蛋
48,Life Box - THE ALL-NEW FORD 旅玩家 2021 年度主題曲,Crowd Lu
49,刻在我心底的名字 (Your Name Engraved Herein) - 電影<刻在你心底的名字>主題曲,Crowd Lu
50,幾分之幾 - 電影<花甲大人轉男孩>主題曲,Crowd Lu
51,魚仔 - 電視劇<花甲男孩轉大人>主題曲,Crowd Lu
52,不是我不明白,Fish Leong
53,愛情怎麼了嗎,Crowd Lu
54,我愛你,Crowd Lu
55,明年 (Let Go),Crowd Lu
56,大人中,Crowd Lu
57,100種生活,Crowd Lu
58,慢靈魂,Crowd Lu
59,明仔載 (正式版) - 電影<花甲大人轉男孩>推廣曲,Crowd Lu
60,一定要相信自己,Crowd Lu
61,不想去遠方,Crowd Lu
62,最寂寞的時候,Crowd Lu
63,繁華攏是夢 (Live 版),Crowd Lu
64,你是我的水 - 電影<花甲大人轉男孩>插曲,Crowd Lu
65,藍寶 - Lately Version,Crowd Lu
66,快魚仔 - (花甲男孩轉大人片頭曲),Crowd Lu
67,聽見了嗎,Crowd Lu
68,好想要揮霍,Crowd Lu
69,寂寞考,Crowd Lu
70,Fly Now ! 敢傻就飛 ! - 黑松沙士2019年度主題曲,Crowd Lu
71,"早安,晨之美!",Crowd Lu
72,手機仔(一),Crowd Lu
73,星座愛情故事之巨蟹座可不可以繼續說愛,Crowd Lu
74,聽見了嗎 - 大人中演唱會 LIVE,Crowd Lu
75,"早安,晨之美!",Crowd Lu
76,OH YEAH!!!,Crowd Lu
77,一坪半,Crowd Lu
78,藍寶,Crowd Lu
79,清晨巴士,Crowd Lu
80,敢傻 就是我的本事 - 黑松沙士2018年度主題曲,Crowd Lu
81,結婚鑽戒,Crowd Lu
82,夏天的歌,Crowd Lu
83,幾分之幾 - 大人中演唱會 LIVE,Crowd Lu
84,再見勾勾,Crowd Lu
85,大人中 - 大人中演唱會 LIVE,Crowd Lu
86,今天睡在這裡,Crowd Lu
87,只有夜來香,Crowd Lu
88,Happy Chakra,Crowd Lu
89,魚仔 - 大人中演唱會 LIVE,Crowd Lu
90,善良的眼鏡,Crowd Lu
91,我愛你 - 大人中演唱會 LIVE,Crowd Lu
92,寂寞考 - 大人中演唱會 LIVE,Crowd Lu
93,最寂寞的時候 - 大人中演唱會 LIVE,Crowd Lu
94,溫柔 #MaydayBlue20th - feat.孫燕姿,Mayday
95,路過人間 (電視劇《我們與惡的距離》插曲),Yisa Yu
96,慢冷,Fish Leong
97,諷刺的情書,Hebe Tien
98,像是一顆星星,Rainie Yang
99,好想愛這個世界啊,Hua Chen Yu
100,別再想見我,許光漢
101,在你不知道的时间里爱你很久 - 电影《我在时间尽头等你》片尾曲,LaLa Hsu
102,你的情歌 (電影《你的情歌》主題曲),TANK 呂建忠
103,"想啊,想著你",Fang Wu
104,"想見你想見你想見你(電視劇""想見你""片尾曲)",831
105,逆光,Kimberley Chen
106,嚣张,En
107,星辰大海,黄霄雲
108,交換餘生,JJ Lin
109,我敢,Tiger Hu
110,真的傻 (電影《一吻定情》追愛版主題曲),LaLa Hsu
111,愛情的模樣 Life Live,Mayday
112,都幾歲了 (電視劇【幸福一家人】片尾曲),Ella Chen
113,我很好騙,Power Station
114,如果我沒有傷口,Jolin Tsai
115,勇气,棉子
116,不晚 (電影深夜食堂主題曲),Hebe Tien
117,丟了你,井朧
118,候鳥,Ricky Hsiao
119,可惜了 (電影《大約在冬季》主題片尾曲),Chyi Chin
120,因為你 所以我,Mayday
121,意外 (電視劇《你是我的城池營壘》片尾曲),葉炫清
122,恰似你的溫柔,EggPlantEgg
123,善变,王靖雯不胖
124,想念是最遠的旅行 - 天堂的微笑片尾曲,Kelly Cheng
125,逃 (電視劇《想見你》插曲),Shi Shi
126,"起風了 - 電視劇""加油你是最棒的""主題曲",吳青峰
127,何妨 - feat.茄子蛋,Jia Jia
128,暫時的記號,JJ Lin
129,台北某個地方,Cheer Chen
130,你存在,Rachel Liang
131,The Wind (ヤキモチ),La Jiao
132,老友記,Ronghao Li
133,敢傻敢衝 - 2020黑松沙士年度主題曲,EggPlantEgg
134,大風吹,Pets Tseng
135,將故事寫成我們,JJ Lin
136,情人咒 - 電視劇《琉璃美人煞》片尾曲,阿雲嘎
137,天使,Della
138,我還沒有作好被打倒的準備,理想混蛋
139,轉身以後,小男孩樂團
140,不敢聽的歌,李千那
141,迷路在雲端,Ricky Hsiao
142,最勇敢的事 (電影《陪你很久很久》宣傳曲),龔言脩
143,還原,Sharon Kwan
144,Holy (feat. Chance The Rapper),Justin Bieber
145,willow,Taylor Swift
146,This City,Sam Fischer
147,It's Ok If You Forget Me,Astrid S
148,"Hey Stupid, I Love You",JP Saxe
149,Monster (Shawn Mendes & Justin Bieber),Shawn Mendes
150,Fake,Lauv
151,drivers license,Olivia Rodrigo
152,What Other People Say,Sam Fischer
153,Stuck with U (with Justin Bieber),Ariana Grande
154,At My Worst,Pink Sweat$
155,If the World Was Ending - feat. Julia Michaels,JP Saxe
156,Remember That Night?,Sara Kays
157,this is how you fall in love,Jeremy Zucker
158,Unlearn (with Gracie Abrams),benny blanco
159,you broke me first,Tate McRae
160,if we never met,John K
161,Put Your Records On,Ritt Momney
162,Her,Anne-Marie
163,Lonely (with benny blanco),Justin Bieber
164,Love Like That,Lauv
165,Be Kind (with Halsey),Marshmello
166,Slow Dance,AJ Mitchell
167,Falling,Harry Styles
168,Lie,Sasha Sloan
169,slower,Tate McRae
170,Tattoos Together,Lauv
171,Perfectly Imperfect,Declan J Donovan
172,What A Time (feat. Niall Horan),Julia Michaels
173,Past Life (with Selena Gomez),Trevor Daniel
174,Nobody's Love,Maroon 5
175,Slow Grenade,Ellie Goulding
176,Afterglow,Ed Sheeran
177,If You Love Her,Forest Blakk
178,A Little Bit Yours,JP Saxe
179,Like No One Does,Jake Scott
180,I Should Probably Go To Bed,Dan + Shay
181,Before You Go,Lewis Capaldi
182,r u ok,Tate McRae
183,Better,ZAYN
184,17,Pink Sweat$
185,cowboy in LA,LANY
186,Line By Line (feat. Maren Morris),JP Saxe
187,To Die For,Sam Smith
188,Are you happy?,SHY Martin
189,Good Stuff,Griff
190,WITHOUT YOU (with Miley Cyrus),The Kid LAROI
191,i don't want to watch the world end with someone else,Clinton Kane
192,Lost,Blake Rose
193,Paper Planes,Elina
194,No Right To Love You,Rhys Lewis
195,Losing Me,Gabrielle Aplin
196,"always, i'll care",Jeremy Zucker
197,lie to me,Tate McRae
198,if i were u (with Lauv),blackbear
199,Oh My God,Alec Benjamin
200,Forever Young,Boy In Space
201,CHICKEN TENDIES,Clinton Kane
202,Gone,Blake Rose
203,Hard On Yourself,Charlie Puth
204,House With No Mirrors,Sasha Sloan
205,exile (feat. Bon Iver),Taylor Swift
206,Slow,SHY Martin
207,Angels Like You,Miley Cyrus
208,IDK You Yet,Alexander 23
209,colorblind,Mokita
210,What Am I,Why Don't We
211,My Oasis (feat. Burna Boy),Sam Smith
212,Wild Life,OneRepublic
213,6 months,John K
214,Hope Is A Heartache,LÉON
215,the author,Luz
216,nobody else,LANY
217,Peaches (feat. Daniel Caesar & Giveon),Justin Bieber
218,positions,Ariana Grande
219,Feels (feat. Khalid),WATTS
220,Put A Little Love On Me,Niall Horan
221,Little Did I Know,Julia Michaels
222,Walked Through Hell,Anson Seabra
223,Feelings,Lauv
224,Share That Love (feat. G-Eazy),Lukas Graham
225,Intentions,Justin Bieber
226,Good Without,Mimi Webb
227,Cheating on You,Charlie Puth
228,Nothing's the Same,Alexander 23
229,Grey,Why Don't We
230,Vibez,ZAYN
231,Friend,Gracie Abrams
232,"10,000 Hours (with Justin Bieber)",Dan + Shay
233,Better Days,OneRepublic
234,Young & Alive,Bazzi
235,17,Julia Michaels
236,Slow Motion,Charlotte Lawrence
237,Dear August,PJ Harding
238,Too Close,JP Cooper
239,What They'll Say About Us,FINNEAS
240,Ocean (feat. Meghan Trainor),LunchMoney Lewis
241,Stay,Gracie Abrams
242,Lovely,Fly By Midnight
243,Favorite Part Of Me,Astrid S
244,To Have & To Hold,Heather Rigdon
245,Back to the Start,Interestring Quartet
246,Tonight (Female Version),Pei-Yu Hung
247,Love,Alexis Cole
248,The Promise,Jamie Lancaster
249,Full Moon,OVN
250,If I Should Lose You,More than a pair
251,Questi Vent'Anni Miei,Lisa Ono
252,A Voice,Kat Edmonson
253,Ev'ry Time We Say Goodbye,Kathleen Saadat
254,We're all alone,Simone Kopmajer
255,All the Way,Katharine McPhee
256,Allways on my mind,Inger Marie Gundersen
257,Beyond the Sea,Halie Loren
258,When I Fall in Love (feat. Chris Botti),Renee Olstead
259,Smoke Gets in Your Eyes / All the Things You Are,Roberta Gambarini
260,Thinking of You,Christie Dashiell
261,These Foolish Things,Sarah Shea
262,Love On Top,Hailey Tuck
263,Les yeux ouverts (dream a little dream of me),Emilie-Claire Barlow
264,It Must Be Love,melissa elliotte
265,Quality Time,Susannah McCorkle
266,What Is Love?,Quiana Lynell
267,Fragile,Carol Saboya
268,That’s My Desire,Beegie Adair
269,Smile,Ellen Andersson
270,My Foolish Heart,Anthony Strong
271,But I Don't Mind,Kyl Aries
272,That’s All,Curtis Stigers
273,What Now My Love,Carin Lundin
274,Night And Day,Diana Krall
275,Memories of You,Carol Welsman
276,I'm In The Mood For Love,Julie London
277,Two for the Road,Tony DeSare
278,And Then There Was You,Norah Jones
279,WhenI'm64,"Grażyna Auguścik, Paulinho Garcia"
280,Don't Take Your Love from Me,Catherine Russell
281,I Walk A Little Faster,Nicki Parrott
282,This Guy's In Love With You,Steve Tyrell
283,Don't Let Me Be Lonely Tonight,Nils Landgren
284,These Things You Are To Me,Jamison Ross
285,Autumn Leaves,Seal
286,Tribute to Miss A,Carin Lundin
287,God Only Knows,Nathalie Seymour
288,Dear Someone,Sara Gazarek
289,"You're Mine, You",Chet Baker
290,All the Way,Susie Arioli
291,If I See You Tomorrow,Vira Talisa
292,Sand In My Shoes,Carol Welsman
293,But Beautiful,Gregory Porter
294,I WANNA BE YOUR SLAVE,Måneskin
295,Hey Gringo,KALEO
296,Dark Side,Blind Channel
297,My Own Monster,X Ambassadors
298,Beggin',Måneskin
299,Epiphany,Mammoth WVH
300,t r a n s p a r e n t s o u l feat. Travis Barker,WILLOW
301,Broken Heart of Gold,ONE OK ROCK
302,"Tell Me What You Want (From ""Wave Break"")",Weezer
303,ZITTI E BUONI,Måneskin
304,Method,Sleater-Kinney
305,smoke break//,KennyHoopla
306,Dating My Dad (feat. Travis Barker),K.Flay
307,It Won't Always Be Like This,Inhaler
308,The Creeps,Garbage
309,No More Friends (with Oli Sykes of Bring Me The Horizon),Olivia O'Brien
310,Core (That's Who We Are),VIZE
311,One Last Time,LP
312,Vacation (feat. Train),Dirty Heads
313,Watch Me Bleed,Fearless Motivation
314,Wait A Minute My Girl,Volbeat
315,Megalomania - XX Anniversary RemiXX,Muse
316,Supertzar (2021 Remaster),Black Sabbath
317,PERSONAL SHOPPER - Biffy Clyro Remix,Steven Wilson
318,you broke me first,Our Last Night
319,CORALINE,Måneskin
320,Trouble,Adam Jensen
321,Poor Boy a Long Way From Home,The Black Keys
322,Limbo,Royal Blood
323,THINK ABOUT ME,jxdn
324,How Can I Make It OK?,Wolf Alice
325,good 4 u,Olivia Rodrigo
326,White Picket Fence,psykhi
327,We're On Our Way Now,Noel Gallagher's High Flying Birds
328,Renegades,ONE OK ROCK
329,Saturday,Twenty One Pilots
330,Skinny,KALEO
331,Four Letter Words,K.Flay
332,Oblivion,Royal Blood
333,Lips,The Maine
334,Don’t Back Down,Mammoth WVH
335,"Catching Fire (feat. nothing,nowhere.)",Sum 41
336,Going Down South,The Black Keys
337,Built By Nations,Greta Van Fleet
338,Talking To Ourselves,Rise Against
339,Unbreakable,Escape the Fate
340,Death by Rock and Roll - Acoustic,The Pretty Reckless
341,Nowhere Generation,Rise Against
342,Heavy Is The Crown,Daughtry
343,Meteor,Architects
344,Citizen Erased (XX Anniversary RemiXX),Muse
345,girls (feat. phem),Royal & the Serpent
346,Nothing Lasts Forever,Kyoto Protocol
347,love race (feat. Kellin Quinn),Machine Gun Kelly
348,Broken Bells,Greta Van Fleet
349,There For Me,Chad Tepper
350,American Eyes,Bush
351,Fields of Bone,Black Veil Brides
352,Amnesia,MOD SUN
353,Choker,Twenty One Pilots
354,hollywood sucks//,KennyHoopla
355,Playing With Fire,Crowded House
356,Leave A Light On,Modest Mouse
357,Looking Tragic,AFI
358,Dulcería,AFI
359,Super Generation,Alectrona
360,It's Okay to Cry,The Penninsula
361,Tied To A Tree,AFI
362,Mettle,Adarrak
363,Calls to Tiree,Hamish Hawk
364,Roots And Wings,The Wallflowers
365,One Way Down,BVLVNCE
366,Leaving Anyway,RENE
367,We Are Between,Modest Mouse
368,Violet!,Waterparks
369,懨懨,禮韋 Thehopend
370,Let Me Talk,Gordon
371,Baby 3 Girl,呆伯特
372,In the jungle..maybe I’m just a bug.,縉 Jin
373,Show Me,Yung Kai
374,Keep Up,Jocelyn 9.4.0
375,CHILL紅塵,MC 耀宗
376,Moonlight,政学Zx
377,少数派报告,Tizzy T
378,滑進去深淵,小王子
379,忘了说再见,周凯翔
380,Yes No Maybe,KIRE
381,Harmony (feat. DenNiz),MC 耀宗
382,RESET,FRαNKIE阿法
383,Dadi (feat. Vera Chai),KIRE
384,Crazy,Hosea
385,還有什麼,MC 耀宗
386,MINE,YOUNGY
387,Cook For You,Any 安偉
388,Je t'aime,仰昭光
389,Butter,HowZ
390,Sweet Baby,頑童Mj116
391,Tides,Dizzy Dizzo
392,Hoodie,雙子GMN
393,拍毋見的蘋果,宝島材料行
394,最美的風景 (feat. 莫宰羊),Marz23
395,幾分甜,AJ 賴煜哲
396,OneFiveTwo,Peter Huang
397,SUNRISE,艾瑞
398,FOREVER,AJ 賴煜哲
399,NEED NO MORE,HUR
400,What a Life,Dizzy Dizzo
401,狗男人,李大奔
402,他只是經過,h3R3
403,回到過去的區間車 (feat. DenNiz & LENA-J),MC 耀宗
404,别叫我达芬奇,Lil Ghost小鬼
405,Rich,Jinbo
406,無所謂,Isey
407,Old Days,Jinbo
408,Dear Rosie,K!ddingboi
409,Vi$$A (feat. bbno$ & lentra),Blow Fever
410,Go Ahead,¥ellow Bucks
411,說不上快樂,Isey
412,Oh! Shit!,RPG
413,Real or Fake(劇集《腦波小姐》插曲),G22
414,玩玩而已 (feat. MC耀宗),彭柏邑
415,Promise,Harikiri
416,Smoke,Yuhao Wu
417,BURNING! (feat. Vigoz Chen),K!ddingboi
418,I Love U So,Jinbo
419,Playboy 花天酒地,Grøøvy Wave
420,SPEED UP,K!ddingboi
421,山山 (Original Version) ft.高仰辰 Tipsy Kao,大淵 MUTA
422,五告喝甲 (粉紅週末 Remix),李四
423,Hello,Gibb-Z
424,她沒在看我,E.SO
425,NOT PHYCHO,Mai
426,鷺沼台三丁目,雙子GMN
427,Black Car,VINZ-T
428,代價,邓典果DDG
429,"來,不急",安柏兒
430,Bounce Like This (Prod.HC Dawn),K94柯九思
431,不要再想妳,六艾司 Lilice
432,A TO Z,謝帝
433,Transmit,PANTHEPACK
434,完美降落,胡期皓
435,You Never Call,Fi-Né
436,乎乾啦,FunkyMo
437,你知道我的愛,MC 耀宗
438,過得爽爽,大淵 MUTA
439,I Want U Around (Feat. DeVita),YUGYEOM
440,Broken Me,BM
441,0X1=LOVESONG (I Know I Love You) feat. Seori,TOMORROW X TOGETHER
442,Don't fight the feeling,EXO
443,illa illa,B.I
444,Alcohol-Free,TWICE
445,Moonshot,N.Flying
446,Hello,JOY
447,Save,NCT 127
448,HAPPEN,HEIZE
449,Where Are We Now,MAMAMOO
450,KINGDOM COME,THE BOYZ
451,Sneakers,HA SUNG WOON
452,FIRST,EVERGLOW
453,Rush Hour,Gaho
454,WOLFGANG,Stray Kids
455,Bittersweet (feat. LeeHi),WONWOO
456,GAMBLER,Monsta X
457,Oh MAMA,Bling Bling
458,Don't (feat. RM),eAeon
459,Let Me Know,PIXY
460,Next Level,aespa
461,The Real,ATEEZ
462,Purple,woo!ah!
463,GEMINI,AB6IX
464,At ease,iKON
465,Like It Hot,GWSN
466,BLACK MIRROR,ONEUS
467,"SECRET LOVE REMIX (Feat. Chancellor, Damo, Brwn, Knave, Jhnovr) [Prod. Doomsday]",Horim
468,Advice,TAEMIN
469,Finale (Show And Prove),BTOB
470,WE GO,fromis_9
471,Hot Sauce,NCT DREAM
472,In the morning,ITZY
473,Drunk-Dazed,ENHYPEN
474,Ring Ring,Rocket Punch
475,Je T'aime,JOY
476,After School,Weeekly
477,Dun Dun Dance,OH MY GIRL
478,Switch It Up (feat. sokodomo) - Prod. Cha Cha Malone,JAY B
479,RUB-A-DUM,TRI.BE
480,CARDIGAN (feat. Wonstein),RAVI
481,ASAP,STAYC
482,O Sole Mio (The Red Wedding),THE BOYZ
483,Easy,WJSN THE BLACK
484,Outerspace (feat. Loco),KANG DANIEL
485,Down (feat. Grey),A.C.E
486,Scared,P1Harmony
487,Breathe Again,BLITZERS
488,On The Ground,ROSÉ
489,UNNATURAL,WJSN
490,Creamppang,SUMIN
491,LILAC,IU
492,GRATATA,HOT ISSUE
493,Bambi,BAEKHYUN
494,Side By Side - Korean Version,THE 8
495,water color,Whee In
496,JAJA,PENOMECO
497,NOT THE END,Highlight
498,Ugly Dance,ONF
499,Atlantis,SHINee
500,You make Me,DAY6
501,DADADA,LUNARSOLAR
502,Daisy (feat. pH-1),Mirani
503,Spider,HOSHI
504,STALKER,3YE
505,What Type of X,Jessi
506,Antidote,KANG DANIEL
507,INSIDE OUT,NU'EST
508,Loved You,BAE173
509,KILLA,MIRAE
510,Ponzona,PURPLE KISS
511,The Moon (Feat. TAEIL of NCT),Moon Sujin
512,Lovers In The Night,Seori
513,More Than Words,Sandeul
514,Holy (feat. Chance The Rapper),Justin Bieber
515,willow,Taylor Swift
516,This City,Sam Fischer
517,It's Ok If You Forget Me,Astrid S
518,"Hey Stupid, I Love You",JP Saxe
519,Monster (Shawn Mendes & Justin Bieber),Shawn Mendes
520,Fake,Lauv
521,drivers license,Olivia Rodrigo
522,What Other People Say,Sam Fischer
523,Stuck with U (with Justin Bieber),Ariana Grande
524,At My Worst,Pink Sweat$
525,If the World Was Ending - feat. Julia Michaels,JP Saxe
526,Remember That Night?,Sara Kays
527,this is how you fall in love,Jeremy Zucker
528,Unlearn (with Gracie Abrams),benny blanco
529,you broke me first,Tate McRae
530,if we never met,John K
531,Put Your Records On,Ritt Momney
532,Her,Anne-Marie
533,Lonely (with benny blanco),Justin Bieber
534,Love Like That,Lauv
535,Be Kind (with Halsey),Marshmello
536,Slow Dance,AJ Mitchell
537,Falling,Harry Styles
538,Lie,Sasha Sloan
539,slower,Tate McRae
540,Tattoos Together,Lauv
541,Perfectly Imperfect,Declan J Donovan
542,What A Time (feat. Niall Horan),Julia Michaels
543,Past Life (with Selena Gomez),Trevor Daniel
544,Nobody's Love,Maroon 5
545,Slow Grenade,Ellie Goulding
546,Afterglow,Ed Sheeran
547,If You Love Her,Forest Blakk
548,A Little Bit Yours,JP Saxe
549,Like No One Does,Jake Scott
550,I Should Probably Go To Bed,Dan + Shay
551,Before You Go,Lewis Capaldi
552,r u ok,Tate McRae
553,Better,ZAYN
554,17,Pink Sweat$
555,cowboy in LA,LANY
556,Line By Line (feat. Maren Morris),JP Saxe
557,To Die For,Sam Smith
558,Are you happy?,SHY Martin
559,Good Stuff,Griff
560,WITHOUT YOU (with Miley Cyrus),The Kid LAROI
561,i don't want to watch the world end with someone else,Clinton Kane
562,Lost,Blake Rose
563,Paper Planes,Elina
564,No Right To Love You,Rhys Lewis
565,Losing Me,Gabrielle Aplin
566,"always, i'll care",Jeremy Zucker
567,lie to me,Tate McRae
568,if i were u (with Lauv),blackbear
569,Oh My God,Alec Benjamin
570,Forever Young,Boy In Space
571,CHICKEN TENDIES,Clinton Kane
572,Gone,Blake Rose
573,Hard On Yourself,Charlie Puth
574,House With No Mirrors,Sasha Sloan
575,exile (feat. Bon Iver),Taylor Swift
576,Slow,SHY Martin
577,Angels Like You,Miley Cyrus
578,IDK You Yet,Alexander 23
579,colorblind,Mokita
580,What Am I,Why Don't We
581,My Oasis (feat. Burna Boy),Sam Smith
582,Wild Life,OneRepublic
583,6 months,John K
584,Hope Is A Heartache,LÉON
585,the author,Luz
586,nobody else,LANY
587,Peaches (feat. Daniel Caesar & Giveon),Justin Bieber
588,positions,Ariana Grande
589,Feels (feat. Khalid),WATTS
590,Put A Little Love On Me,Niall Horan
591,Little Did I Know,Julia Michaels
592,Walked Through Hell,Anson Seabra
593,Feelings,Lauv
594,Share That Love (feat. G-Eazy),Lukas Graham
595,Intentions,Justin Bieber
596,Good Without,Mimi Webb
597,Cheating on You,Charlie Puth
598,Nothing's the Same,Alexander 23
599,Grey,Why Don't We
600,Vibez,ZAYN
601,Friend,Gracie Abrams
602,"10,000 Hours (with Justin Bieber)",Dan + Shay
603,Better Days,OneRepublic
604,Young & Alive,Bazzi
605,17,Julia Michaels
606,Slow Motion,Charlotte Lawrence
607,Dear August,PJ Harding
608,Too Close,JP Cooper
609,What They'll Say About Us,FINNEAS
610,Ocean (feat. Meghan Trainor),LunchMoney Lewis
611,Stay,Gracie Abrams
612,Lovely,Fly By Midnight
613,Favorite Part Of Me,Astrid S
614,"The Well-Tempered Clavier: Book 1, BWV 846-869: 1. Prelude in C Major, BWV 846",Lang Lang
615,The Lark Ascending,Ralph Vaughan Williams
616,"Handel / Orch. Hale: Keyboard Suite in D Minor, HWV 437: III. Sarabande",George Frideric Handel
617,"Bagatelle No. 25 in A Minor, ""Für Elise"", WoO 59",Ludwig van Beethoven
618,"Rhapsody On A Theme Of Paganini, Op.43: Variation 18. Andante cantabile",Sergei Rachmaninoff
619,"Elgar: Cello Concerto in E Minor, Op. 85: I. Adagio - Moderato",Edward Elgar
620,Rhapsody In Blue,George Gershwin
621,"Cello Suite No. 1 in G Major, BWV 1007: I. Prélude",Johann Sebastian Bach
622,Meditation: Méditation from Thaïs,Jules Massenet
623,Gnossienne No. 1,Erik Satie
624,"Piano Concerto in A Minor, Op.16: I. Allegro molto moderato",Edvard Grieg
625,"Suite bergamasque, L. 75: 3. Clair de lune",Claude Debussy
626,"Danse Macabre, Op.40, R.171",Camille Saint-Saëns
627,"Symphony No. 40 in G Minor, K. 550: I. Molto allegro",Wolfgang Amadeus Mozart
628,Mahler: Symphony No. 5 in C-Sharp Minor: IV. Adagietto,Gustav Mahler
629,"Chopin: Nocturne No. 20 in C-Sharp Minor, Op. Posth.",Frédéric Chopin
630,Parce Mihi Domine,Jan Garbarek
631,"Piano Concerto No.3 in C, Op.26: 1. Andante - Allegro",Sergei Prokofiev
632,"An der schönen blauen Donau, Op.314",Johann Strauss II
633,"Pachelbel: Canon and Gigue in D Major for 3 Violins and Continuo, P. 37: I. Canon (Orchestral Version)",Johann Pachelbel
634,"Piano Concerto No. 2 in C Minor, Op. 18: 2. Adagio sostenuto",Sergei Rachmaninoff
635,"Mozart: Clarinet Concerto in A Major, K. 622: II. Adagio",Wolfgang Amadeus Mozart
636,"Symphony No. 5 in C Minor, Op. 67: I. Allegro con brio",Ludwig van Beethoven
637,Rodrigo: Concierto de Aranjuez: II. Adagio,Joaquín Rodrigo
638,Hummel: Trumpet Concerto In E Flat - Iii Rondo,Johann Nepomuk Hummel
639,"Ravel: Pavane pour une infante défunte, M. 19",Maurice Ravel
640,"The Carnival of the Animals, R. 125: XIII. The Swan (Arr. for Cello and Piano)",Camille Saint-Saëns
641,"Turandot / Act 3: ""Nessun dorma!""",Giacomo Puccini
642,The Sorcerer's Apprentice,Paul Dukas
643,Fanfare for the Common Man,Aaron Copland
644,"Piano Concerto in A Minor, Op. 16: I. Allegro molto moderato",Edvard Grieg
645,"Suite No.3 In D, BWV 1068: 2. Air",Johann Sebastian Bach
646,"Symphony No.8 in B minor, D.759 - ""Unfinished"": 1. Allegro moderato",Franz Schubert
647,"Piano Concerto No. 1 in B-Flat Minor, Op. 23: I. Allegro non troppo e molto maestoso – Allegro con spirito",Pyotr Ilyich Tchaikovsky
648,"Piano Sonata No. 14 in C-Sharp Minor, Op. 27 No. 2 ""Moonlight"": I. Adagio sostenuto",Ludwig van Beethoven
649,Overture Candide,Leonard Bernstein
650,"Andante festivo for Strings and Timpani, JS 34b",Jean Sibelius
651,"Liebestraum No. 3 in A-Flat Major, S. 541 / 3",Franz Liszt
652,O Magnum Mysterium: O magnum mysterium,Morten Lauridsen
653,Scheherazade: The Tale of the Kalendar Prince,Nikolai Rimsky-Korsakov
654,"Barber: Adagio for Strings, Op. 11",Samuel Barber
655,"Goldberg Variations, BWV 988: Variatio 7 a 1 ovvero 2 Clav. Al tempo di Giga",Johann Sebastian Bach
656,Prince Igor (Knyaz Igor): Act II: Polovtsian Dances - Ulyetay na kril'yahk vyetra (Fly away on the wings of the wind) (version for chorus),Alexander Borodin
657,"Requiem in D minor, K.626: 3. Sequentia: Confutatis",Wolfgang Amadeus Mozart
658,"Prokofiev: Romeo and Juliet, Op. 64, Act 1: Dance of the Knights",Sergei Prokofiev
659,"Different Trains: America, Before the War",Steve Reich
660,"Violin Sonata in A major, FWV 8: IV. Allegretto poco mosso",César Franck
661,Adiemus,Karl Jenkins
662,Khachaturian: Spartacus Suite No. 2: I. Adagio of Spartacus and Phrygia,Aram Khachaturian
663,Spiegel im Spiegel - Version for Violin and Piano,Arvo Pärt
664,"Recomposed By Max Richter: Vivaldi, The Four Seasons: Spring 1",Max Richter
665,"Elégie in C Minor, Op. 24 (Arr. Parkin)",Gabriel Fauré
666,"Sechs Klavierstücke, Op. 118: II. Intermezzo in A Major",Johannes Brahms
667,"Ständchen in D Minor (After Schubert), S. 560",Franz Liszt
668,"Serenade in B-Flat Major, K. 361 ""Gran Partita"": III. Adagio",Wolfgang Amadeus Mozart
669,Il barbiere di Siviglia: Overture (Sinfonia),Gioachino Rossini
670,"Peer Gynt, Op. 23: Act II, 7, In the Hall of the Mountain King",Edvard Grieg
671,"Paganini: 24 Caprices, Op. 1: No. 24 in A Minor (Tema con variazioni. Quasi presto)",Niccolò Paganini
672,"Dolly, Op.56: 1. Berceuse",Gabriel Fauré
673,Theme From Jurassic Park,John Williams
674,"Tsar Saltan, Op. 57: Flight of the Bumblebee",André Previn
675,"Symphonic Variations on an African Air, Op.63",Samuel Coleridge-Taylor
676,The Rite of Spring: Part One: Adoration of the Earth: Introduction,Igor Stravinsky
677,"Symphony No. 3 in C Minor, Op. 78 ""Organ Symphony"": 2b. Maestoso - Più allegro - Molto allegro",Camille Saint-Saëns
678,"String Sextet in D Minor, Op. 70, ""Souvenir de Florence"": I. Allegro con spirito",Pyotr Ilyich Tchaikovsky
679,"Rêverie, L. 68: Rêverie",Claude Debussy
680,Theme From Schindler's List,John Williams
681,"The Four Seasons - Violin Concerto in F Minor, Op. 8 No. 4, RV 297 ""Winter"": I. Allegro non molto",Antonio Vivaldi
682,Young Person's Guide To The Orchestra,Benjamin Britten
683,"Sonata for 2 pianos in D, K.448: 1. Allegro con spirito",Wolfgang Amadeus Mozart
684,"The Gadfly Suite, Op. 97a: VIII. Romance",Dmitri Shostakovich
685,"Piano Concerto in C-Sharp Minor, FP 146: I. Allegretto commodo - Live",Francis Poulenc
686,"Serenade for Strings in C major, Op. 48: II. Walzer: Moderato, tempo di valse",Pyotr Ilyich Tchaikovsky
687,"Pelléas et Mélisande, Op. 80: 4. Sicilienne",Gabriel Fauré
688,"Goldberg Variations, BWV 988: Aria da capo - 1981 Version",Johann Sebastian Bach
689,On The Nature Of Daylight,Max Richter
690,"Ave Maria, D. 839",Franz Schubert
691,"Symphony No.3 in F, Op.90: 1. Allegro con brio - Un poco sostenuto - Tempo I",Johannes Brahms
692,Sibelius : Finlandia Op.26,Jean Sibelius
693,Piazzolla: Libertango,Alison Balsom
694,"Mephisto Waltz No. 1, S. 514",Franz Liszt
695,Merry Christmas Mr. Lawrence (Arr. Metcalfe),Jess Gillam
696,"Hungarian Dance No.5 in G Minor, WoO 1, No.5",Johannes Brahms
697,"Piano Concerto No. 5 in E-Flat Major, Op. 73 ""Emperor"": 2. Adagio un poco mosso - Live at Konzerthaus Berlin / 2018",Ludwig van Beethoven
698,"Symphony No.5 in E flat, Op.82: 3. Allegro molto",Jean Sibelius
699,Pini di Roma (The Pines of Rome): III. I pini del Gianiclo,Ottorino Respighi
700,"Cello Concerto No.1, Op.107: 1. Allegretto",Dmitri Shostakovich
701,"Schumann: Widmung, Op. 25 No. 1 (Arr. Liszt, S. 566a)",Robert Schumann
702,Pictures At An Exhibition: The Hut On Fowl's Legs (Baba-Yaga),Modest Mussorgsky
703,"Ravel: Miroirs, M. 43: IV. Alborada del gracioso",Maurice Ravel
704,Hedwig's Theme,John Williams
705,Carmina Burana: I. O Fortuna,Carl Orff
706,"Delius: 2 Pieces for Small Orchestra: No. 1, On Hearing the First Cuckoo in Spring",Frederick Delius
707,"St. Matthew Passion, BWV 244 / Part Two: ""Erbarme dich""",Johann Sebastian Bach
708,Appalachian Spring: VII. Doppio movimento,Aaron Copland
709,Now Sleeps The Crimson Petal (Four Madrigals On Rose Texts): Now Sleeps The Crimson Petal,Paul Mealor
710,Nascence,Austin Wintory
711,"Symphony No. 9 in E Minor, Op. 95 ""From the New World"": II. Largo - Live",Antonín Dvořák
712,"Carmen, Act I: No.5 Habanera : L'amour est un oiseau rebelle (Carmen/Cigarières/Jeunes gens/Dragons)",Georges Bizet
713,"Violin Concerto No.1 in G minor, Op.26: 1. Vorspiel (Allegro moderato)",Max Bruch
714,Old Station Atmos,Xavier Ortando
715,Viento Estelar,Universo
716,Beautiful Imagination,Little Circuits
717,Nepenthe,Clyde Boudreaux
718,Lenitivo,Jeanelle Bolduc
719,Campus,Løkss
720,Sogno Illuminum,Enchanted Feel
721,Sleepy Journey,Cokobi
722,Squama,Hello Artemisia!
723,Answers,Elmer Loyd
724,La Cascada,Sayulita
725,Flashback,Chandeller
726,Nikad ne Zaboravi,Nadia Bulic
727,Ciclo Solar,Universo
728,Touha,Marie Protivová
729,Reappearance,Spacetactular
730,Shimmering Above Clouds,Jeff Birma
731,Notes,Alaskan Tapes
732,State of Unreality,Lugar
733,Cloudology,Moomu
734,Thinking of You,Penny Layn
735,Beatific,Caius Biel
736,Distant Dreams,Euloria
737,Affection,Calming Eyes
738,South of Lapland,Kevin Hutchins
739,Stimmung,Leo Baumgart
740,Blue Sphere,Sea of Waves
741,éternité,Eric Ardouin
742,Nostalgia,Will Carano
743,Nox,Wolfgang Snow
744,Origami Age,De Seu
745,Primrose,Joan Magana
746,Simien,Petros Idris
747,Et øyeblikk,Tine Mydland
748,Sdraiata accanto a me,Scintillante
749,Within the Light,Mia Pandosa
750,Deep breaths,Jirou Soller
751,Incisif,Norah Wallentin
752,Med slutna ögon,Najma Wallin
753,Endless Sky,Nils August Valentin
754,Sömn,Sanja Göransson
755,Kritagya,Elise Ryen
756,Alma,Pedro Caceres
757,Floating Rocks,Aura Lynx
758,Big Sky,Sleepy Clouds
759,Turndown Service,Adeline Verver
760,Crystal Glass,Uffe Jörgensen
761,Leticia,Kaua Correia
762,Timeframe,Sailors Of The 7 Seas
763,Rituals,Lorelle Paredes
764,Arnasa,Laila Wollo
765,Voor altijd de jouwe,Zeb Maessen
766,From Ice to Water,Debyah
767,Purity,Zims Ele
768,Pacific,Savannah De Lucia
769,Taivas,Lumi Couri
770,Anatomy of Change,Oto Roth
771,Appreciation,Vishal Casey
772,Te Urewera,Jay Belshaw
773,For You Always,Local Monocle
774,Hopeful,Unwritten Skies
775,Sedate Dawn,Quinn Joshua
776,Lost For Words,Nadine Gaertner
777,Norm and Mirza,Emotional Pleasure
778,Moments of Stillness,Hector Warrens
779,Andas,Noa Sandberg
780,Houd me vast,Niel Hupkes
781,As The Light Slowly Fades,Bliss Porter
782,Yakamoz,Esin Pierce
783,Vilán,Huma
784,Mind,From Alfie
785,Nattljus,Månvarv
786,Sequoia,Klaangen
787,Radiant Dream,Eryk Kamylla
788,Ladybugs,Serene & Pax
789,Hovering,Judithe Abelsen
790,Acércate,Pearl Melendez
791,Noraezean,Darcie Roman
792,Grandmas Tune,Aurelin
793,Kalon Senses,Mindful Changes
794,Sonhando,Nessa Manuel
795,If Only I Could Fly,Dream Flows
796,Eons,Erratic Peace
797,Eenzame stilte,Dries Wold
798,Breathe into the Still,Rnwy Lites
799,Desiderio,Artemio Li Fonti
800,Make It Last,Samira Tesfay
801,Birdcage Walk,Stone Steps
802,Bella,Massimu
803,Secrets,Selma Ström
804,Soñando contigo,Artura Ponce Valles
805,Lights Out,Solene Edgar
806,vindur,Atli Þórirsson
807,Us,From Alfie
808,Sineway,Boreal Embla
809,Dream Reality,Doris Melwin
810,Catnap,Mina Donovan
811,Evening Song,Alexander Sterling
812,Quand je te vois,Delit Quirion
813,A New Tomorrow,Dormantia
814,Waiting Room,Fugazi
815,Disorder - 2007 Remaster,Joy Division
816,Anarchy in the U.K.,Sex Pistols
817,I Wanna Be Your Dog,The Stooges
818,Where Eagles Dare,Misfits
819,I Wanna Be Sedated,Ramones
820,California Uber Alles,Dead Kennedys
821,Hope,Descendents
822,Bloodstains - Original Version,Agent Orange
823,London Calling - Remastered,The Clash
824,Uncontrollable Urge,DEVO
825,Last Caress,Misfits
826,Holiday in Cambodia,Dead Kennedys
827,Blitzkrieg Bop - 2001 Remastered Version,Ramones
828,Alternative Ulster,Stiff Little Fingers
829,New Rose,The Damned
830,God Save the Queen,Sex Pistols
831,I Fought the Law,The Clash
832,Don't Want to Know If You Are Lonely,Hüsker Dü
833,Rise Above,Black Flag
834,Los Angeles,X
835,Bad Mouth,Fugazi
836,Marquee Moon,Television
837,Pretty Vacant,Sex Pistols
838,Corona,Minutemen
839,Suburban Home,Descendents
840,Ever Fallen in Love (With Someone You Shouldn't've?) - 1996 Remastered Version,Buzzcocks
841,Banned In D.C.,Bad Brains
842,Damaged Goods,Gang Of Four
843,Lust For Life,Iggy Pop
844,Suspect Device,Stiff Little Fingers
845,Lexicon Devil,Germs
846,Personality Crisis,New York Dolls
847,Bastards of Young - 2008 Remaster,The Replacements
848,Sonic Reducer,Dead Boys
849,Sailin' On,Bad Brains
850,What Do I Get?,Buzzcocks
851,Viet Nam,Minutemen
852,She's Lost Control - 2007 Remaster,Joy Division
853,Minor Threat,Minor Threat
854,No Control,Bad Religion
855,Blister in the Sun - 2002 Remastered Version,Violent Femmes
856,Institutionalized,Suicidal Tendencies
857,Sound System,Operation Ivy
858,Blank Generation,Richard Hell
859,TV Party,Black Flag
860,Search and Destroy,The Stooges
861,Gut Feeling / (Slap Your Mammy),DEVO
862,I'm Waiting For The Man - Album Version (Stereo),The Velvet Underground
863,Wild in the Streets,Circle Jerks
864,Can't Stay Away,Otis Kane
865,Fancy Drones (Fracture Me),Amythyst Kiah
866,Follow Me,Jessarae
867,Waste of a Pretty Face,TORA
868,Wolves All Around Me,Hebron
869,Don't Tell Me No Lies,The Deadbeat Cousins
870,OZARK,Liam St. John
871,Everything You Need,Cobi
872,Sanitarium Lovesick Blues #4702,Josh Morningstar
873,Bitter Taste,Jordan Run
874,Hey Gringo,KALEO
875,If You're Gonna Leave Me,Connor Selby
876,The Mess I Made,Kezia Gill
877,Never Let a Day Go By,Todd Snider
878,Light Shine In,Conor Gains
879,3AM in Chicago,Eddie 9V
880,"All of It, Again",Katie Buchanan
881,Parade,Jacob Banks
882,Click Click Domino (feat. Marcus King),Ida Mae
883,The Other Side (feat. J.R. & the Allnighters),Cedric Burnside
884,Horizons,Jesse Roper
885,Morning Light,Hamish Anderson
886,Rain Gonna Fall,Dirtwire
887,The Search For Happiness,Toby Lee
888,Too Bold - Diamond Remix (Radio Edit),Shingai
889,CRY,Jon Batiste
890,What A Life,Son Of Dave
891,Howl For Me Daddy,Keb' Mo'
892,Build A Fire,Adam Douglas
893,Alafia Moon,Damon Fowler
894,Dead Man's Hand,Bad Flamingo
895,Boom Boom,2WEI
896,Ten Toes Down,Talibah Safiya
897,Slippin' Away,AJ Fullerton
898,Sit Down Baby,GA-20
899,Something With Feel,Josh Teskey
900,Solo,Laura Evans
901,On Fire Like Zsa Zsa,Robin Trower
902,Angels,Félix Rabin
903,Ice Cream Man,8 Ball Aitken
904,Fading Away,Artur Menezes
905,Coldwater,Cedric Burnside
906,Homemade Disaster,Sugaray Rayford
907,I Never Like It When You Leave,Micah Edwards
908,Catfish,North Mississippi Allstars
909,United State of Mind,Robin Trower
910,Marinate (feat. Eric Debonair McNair),Davis Chris
911,Howlin',Stealth
912,Last Forever,Shanice Green
913,One More Drink (feat. Joey Landreth),TORA
914,Get Yourself Some,The Allergies
915,Platinum Junkie,Too Slim and the Taildraggers
916,Storm Came,Dave Stewart
917,Masters of War,Dani Wilde
918,Get Gone,Swamp
919,Back Down South,Larkin Poe
920,Money and Fools,Benny Walker
921,Holy Ghost Fire,Larkin Poe
922,Threw Me To The Wolves,Jared James Nichols
923,MYPPL (feat. Daichi Yamamoto),KM
924,Zuum!,Wez Atlas
925,PINK BLOOD,Hikaru Utada
926,PARADISE,TENDRE
927,きらり,Fujii Kaze
928,あーあ。,ReN
929,Friendzone,EDEN KAI
930,eye,macico
931,Presence IV,STUTS
932,美人,CHANMINA
933,Together,Sala
934,Overnight,SIRUP
935,HOLIDAY (feat. Michael Kaneko),Mizuki Ohira
936,Funny Meal,VIDEOTAPEMUSIC
937,孔雀,Tokyo Incidents
938,Night Birds (feat. Froya & 宮脇翔平),Tokimeki Records
939,ずるくない?,ぷにぷに電機
940,Amefuri no Bambina,CHAMELEON LIME WHOOPIEPIE
941,夏夜のマジック,Asako Toki
942,浮遊夢,Ayumu Imazu
943,ODDTAXI,スカートとPUNPEE
944,いい夢,YONA YONA WEEKENDERS
945,Insomnia - JP Ver.,YUKIKA
946,Natsume,Kan Sano
947,FRESH ALLDAY,Gottz
948,不思議,Gen Hoshino
949,Thinking Boyz!!!,Mega Shinnosuke
950,hyperlink,VivaOla
951,torico,D.Y.T
952,アイミル,中村佳穂
953,KIDS,Lucky Kilimanjaro
954,Broken Heart of Gold,ONE OK ROCK
955,Balmy Life,Kroi
956,フラッシュバック'82 feat. Rin音,Deep Sea Diving Club
957,キラクに (feat. AAAMYYY),NABOWA
958,分かってないよ,WurtS
959,bedicine,LHRHND
960,孤島,大越佑華
961,SHIOSAI,Mao Uchu
962,113号室,PEOPLE 1
963,Magic hour,miida and The Department
964,Love Buds,satomoka
965,The Last Day,DURDN
966,Bubbles,Kenichi Takemoto
967,Call You Mine,keita keith
968,ISSUE,Monthly Mu & New Caledonia
969,Pluto,CANDYGIRL
970,My Whole World,kukatachii
971,MO-MO,ASA Wu
972,Fog feat. Gotch,Hironori Momoi
973,春の黄昏,meatmountain
974,SMOKE,HANCE
975,Flame,Shin Sakiura
976,Here,Homecomings
977,Loyalty,LEX
978,Loop with DENIMS,さとうもかとDENIMS
979,RHYME&BEATS,IN-SIST
980,IN PINK (feat. Mndsgn),CHAI
981,TOKYO CULTURE,asobi
982,Half of Me,DYGL
983,Great Pretenders,Newspeak
984,Having a Headache,No Buses
985,いない,tricot
986,色眼鏡,BREIMEN
987,椅子の椅子,Taiko Super Kicks
988,Alright - Rework,PEARL CENTER X 環ROY
989,あなたがみえない,井戸健人
990,アスファルト,STRANGE REITARO
991,Your Closet - yonkey Remix,80KIDZ
992,Heartbeat,okkaaa
993,愛情你比我想的閣較偉大 -《當男人戀愛時》電影主題曲,EggPlantEgg
994,刻在我心底的名字 (Your Name Engraved Herein) - 電影<刻在你心底的名字>主題曲,Crowd Lu
995,離開你以後 - 電影《你的婚禮》插曲,Eric Chou
996,Dear Life,Yisa Yu
997,飞鸟和蝉,Ren Ran
998,我很好騙,Power Station
999,走建國路回家但後座少ㄌ泥,多多 x 以捷
1000,裹著心的光,JJ Lin
1001,失重前幸褔,艾薇
1002,在這座城市遺失了你 (戲劇《他們創業的那些鳥事》插曲),告五人
1003,"急不來的,就讓它慢吧",Ariel Tsai
1004,因為是你 - 原創影集《火神的眼淚》片頭曲,WeiBird
1005,"想見你想見你想見你(電視劇""想見你""片尾曲)",831
1006,太陽雨,理想混蛋
1007,怎麼了,Eric Chou
1008,四季予你,程響
1009,你的目光 (The Way You Felt),Alec Benjamin
1010,白月光与朱砂痣,大籽
1011,嚣张,En
1012,最美的風景 (feat. 莫宰羊),Marz23
1013,"很久以後 - 電影《可不可以,你也剛好喜歡我》主題曲",G.E.M.
1014,唯一 (三立/台視戲劇《戀愛是科學》插曲),告五人
1015,繞 - 原創影集《火神的眼淚》片尾曲,Maggie Chiang
1016,她沒在看我,E.SO
1017,一天加點愛 (feat. Karencici),Gentle Bones
1018,天黑請閉眼 feat. 邱鋒澤,Nine Chen
1019,Sweet Baby,頑童Mj116
1020,CHANGE,E.SO
1021,炙愛 - 女聲版,Vicky Chen
1022,愛我的時候,Eric Chou
1023,說好不哭,Jay Chou
1024,如果能幸福 - HBO Asia原創影集《戒指流浪記》片尾曲,Eric Chou
1025,句號,G.E.M.
1026,Tides,Dizzy Dizzo
1027,少年,梦然
1028,"寫一條歌,寫你我爾爾",Ricky Hsiao
1029,他們說我是沒有用的年輕人,Good Band
1030,因為你 所以我,Mayday
1031,Something I Don't Need,E.SO
1032,不刪,井朧
1033,正想著你呢,Chih Siou
1034,So Bad,高爾宣 OSN
1035,Cold (feat. Goater),Patrick Brasca
1036,Crush On,李浩瑋 Howard Lee
1037,超能力,G.E.M.
1038,彼個所在,Waa Wei
1039,醜人多作怪 (《新斗羅大陸》手遊半週年主題曲),告五人
1040,太陽,E.SO
1041,Fall in Love,Sophie Chen
1042,家,Trash
1043,good 4 u,Olivia Rodrigo
1044,Todo De Ti,Rauw Alejandro
1045,Yonaguni,Bad Bunny
1046,MONTERO (Call Me By Your Name),Lil Nas X
1047,Kiss Me More (feat. SZA),Doja Cat
1048,Butter,BTS
1049,deja vu,Olivia Rodrigo
1050,Peaches (feat. Daniel Caesar & Giveon),Justin Bieber
1051,Levitating (feat. DaBaby),Dua Lipa
1052,traitor,Olivia Rodrigo
1053,drivers license,Olivia Rodrigo
1054,Save Your Tears (with Ariana Grande) (Remix),The Weeknd
1055,happier,Olivia Rodrigo
1056,favorite crime,Olivia Rodrigo
1057,Lost Cause,Billie Eilish
1058,Astronaut In The Ocean,Masked Wolf
1059,Leave The Door Open,Bruno Mars
1060,Fiel,Los Legendarios
1061,Pareja Del Año,Sebastian Yatra
1062,Build a Bitch,Bella Poarch
1063,brutal,Olivia Rodrigo
1064,I WANNA BE YOUR SLAVE,Måneskin
1065,ZITTI E BUONI,Måneskin
1066,Friday (feat. Mufasa & Hypeman) - Dopamine Re-Edit,Riton
1067,Blinding Lights,The Weeknd
1068,RAPSTAR,Polo G
1069,AM,Nio Garcia
1070,DÁKITI,Bad Bunny
1071,"jealousy, jealousy",Olivia Rodrigo
1072,enough for you,Olivia Rodrigo
1073,2/Catorce,Rauw Alejandro
1074,Dynamite,BTS
1075,The Business,Tiësto
1076,Qué Más Pues?,J Balvin
1077,"1 step forward, 3 steps back",Olivia Rodrigo
1078,Watermelon Sugar,Harry Styles
1079,telepatía,Kali Uchis
1080,Heartbreak Anniversary,Giveon
1081,Botella Tras Botella,Gera MX
1082,EL MAKINON,KAROL G
1083,Heat Waves,Glass Animals
1084,Save Your Tears,The Weeknd
1085,Beautiful Mistakes (feat. Megan Thee Stallion),Maroon 5
1086,"Body (Remix) [feat. ArrDee, E1 (3x3), ZT (3x3), Bugzy Malone, Buni, Fivio Foreign & Darkoo]",Tion Wayne
1087,Your Love (9PM),ATB
1088,Rasputin,Majestic
1089,Mood (feat. iann dior),24kGoldn
1090,Miénteme,TINI
1091,hope ur ok,Olivia Rodrigo
1092,Arcade,Duncan Laurence
